seed,model,description,fold,features,f1_macro,f1_micro,f1_weighted
14159,Random Forest,combo_distance_geometry+angles+speed+acceleration,1,"['distance_geometry_1_1', 'distance_geometry_2_1', 'distance_geometry_2_2', 'distance_geometry_3_1', 'distance_geometry_3_2', 'distance_geometry_3_3', 'distance_geometry_4_1', 'distance_geometry_4_2', 'distance_geometry_4_3', 'distance_geometry_4_4', 'distance_geometry_5_1', 'distance_geometry_5_2', 'distance_geometry_5_3', 'distance_geometry_5_4', 'distance_geometry_5_5', 'angles_0s', 'angles_mean', 'angles_meanse', 'angles_quant_min', 'angles_quant_05', 'angles_quant_10', 'angles_quant_25', 'angles_quant_median', 'angles_quant_75', 'angles_quant_90', 'angles_quant_95', 'angles_quant_max', 'angles_range', 'angles_sd', 'angles_vcoef', 'angles_mad', 'angles_iqr', 'angles_skew', 'angles_kurt', 'speed_0s', 'speed_mean', 'speed_meanse', 'speed_quant_min', 'speed_quant_05', 'speed_quant_10', 'speed_quant_25', 'speed_quant_median', 'speed_quant_75', 'speed_quant_90', 'speed_quant_95', 'speed_quant_max', 'speed_range', 'speed_sd', 'speed_vcoef', 'speed_mad', 'speed_iqr', 'speed_skew', 'speed_kurt', 'acceleration_0s', 'acceleration_mean', 'acceleration_meanse', 'acceleration_quant_min', 'acceleration_quant_05', 'acceleration_quant_10', 'acceleration_quant_25', 'acceleration_quant_median', 'acceleration_quant_75', 'acceleration_quant_90', 'acceleration_quant_95', 'acceleration_quant_max', 'acceleration_range', 'acceleration_sd', 'acceleration_vcoef', 'acceleration_mad', 'acceleration_iqr', 'acceleration_skew', 'acceleration_kurt']",0.5493763782852671,0.55,0.5493763782852671
14159,Random Forest,combo_distance_geometry+angles+speed+acceleration,2,"['distance_geometry_1_1', 'distance_geometry_2_1', 'distance_geometry_2_2', 'distance_geometry_3_1', 'distance_geometry_3_2', 'distance_geometry_3_3', 'distance_geometry_4_1', 'distance_geometry_4_2', 'distance_geometry_4_3', 'distance_geometry_4_4', 'distance_geometry_5_1', 'distance_geometry_5_2', 'distance_geometry_5_3', 'distance_geometry_5_4', 'distance_geometry_5_5', 'angles_0s', 'angles_mean', 'angles_meanse', 'angles_quant_min', 'angles_quant_05', 'angles_quant_10', 'angles_quant_25', 'angles_quant_median', 'angles_quant_75', 'angles_quant_90', 'angles_quant_95', 'angles_quant_max', 'angles_range', 'angles_sd', 'angles_vcoef', 'angles_mad', 'angles_iqr', 'angles_skew', 'angles_kurt', 'speed_0s', 'speed_mean', 'speed_meanse', 'speed_quant_min', 'speed_quant_05', 'speed_quant_10', 'speed_quant_25', 'speed_quant_median', 'speed_quant_75', 'speed_quant_90', 'speed_quant_95', 'speed_quant_max', 'speed_range', 'speed_sd', 'speed_vcoef', 'speed_mad', 'speed_iqr', 'speed_skew', 'speed_kurt', 'acceleration_0s', 'acceleration_mean', 'acceleration_meanse', 'acceleration_quant_min', 'acceleration_quant_05', 'acceleration_quant_10', 'acceleration_quant_25', 'acceleration_quant_median', 'acceleration_quant_75', 'acceleration_quant_90', 'acceleration_quant_95', 'acceleration_quant_max', 'acceleration_range', 'acceleration_sd', 'acceleration_vcoef', 'acceleration_mad', 'acceleration_iqr', 'acceleration_skew', 'acceleration_kurt']",0.48211758508031205,0.49,0.4821175850803121
14159,Random Forest,combo_distance_geometry+angles+speed+acceleration,3,"['distance_geometry_1_1', 'distance_geometry_2_1', 'distance_geometry_2_2', 'distance_geometry_3_1', 'distance_geometry_3_2', 'distance_geometry_3_3', 'distance_geometry_4_1', 'distance_geometry_4_2', 'distance_geometry_4_3', 'distance_geometry_4_4', 'distance_geometry_5_1', 'distance_geometry_5_2', 'distance_geometry_5_3', 'distance_geometry_5_4', 'distance_geometry_5_5', 'angles_0s', 'angles_mean', 'angles_meanse', 'angles_quant_min', 'angles_quant_05', 'angles_quant_10', 'angles_quant_25', 'angles_quant_median', 'angles_quant_75', 'angles_quant_90', 'angles_quant_95', 'angles_quant_max', 'angles_range', 'angles_sd', 'angles_vcoef', 'angles_mad', 'angles_iqr', 'angles_skew', 'angles_kurt', 'speed_0s', 'speed_mean', 'speed_meanse', 'speed_quant_min', 'speed_quant_05', 'speed_quant_10', 'speed_quant_25', 'speed_quant_median', 'speed_quant_75', 'speed_quant_90', 'speed_quant_95', 'speed_quant_max', 'speed_range', 'speed_sd', 'speed_vcoef', 'speed_mad', 'speed_iqr', 'speed_skew', 'speed_kurt', 'acceleration_0s', 'acceleration_mean', 'acceleration_meanse', 'acceleration_quant_min', 'acceleration_quant_05', 'acceleration_quant_10', 'acceleration_quant_25', 'acceleration_quant_median', 'acceleration_quant_75', 'acceleration_quant_90', 'acceleration_quant_95', 'acceleration_quant_max', 'acceleration_range', 'acceleration_sd', 'acceleration_vcoef', 'acceleration_mad', 'acceleration_iqr', 'acceleration_skew', 'acceleration_kurt']",0.45202535430999846,0.455,0.4520253543099985
14159,Random Forest,combo_distance_geometry+angles+speed+acceleration,4,"['distance_geometry_1_1', 'distance_geometry_2_1', 'distance_geometry_2_2', 'distance_geometry_3_1', 'distance_geometry_3_2', 'distance_geometry_3_3', 'distance_geometry_4_1', 'distance_geometry_4_2', 'distance_geometry_4_3', 'distance_geometry_4_4', 'distance_geometry_5_1', 'distance_geometry_5_2', 'distance_geometry_5_3', 'distance_geometry_5_4', 'distance_geometry_5_5', 'angles_0s', 'angles_mean', 'angles_meanse', 'angles_quant_min', 'angles_quant_05', 'angles_quant_10', 'angles_quant_25', 'angles_quant_median', 'angles_quant_75', 'angles_quant_90', 'angles_quant_95', 'angles_quant_max', 'angles_range', 'angles_sd', 'angles_vcoef', 'angles_mad', 'angles_iqr', 'angles_skew', 'angles_kurt', 'speed_0s', 'speed_mean', 'speed_meanse', 'speed_quant_min', 'speed_quant_05', 'speed_quant_10', 'speed_quant_25', 'speed_quant_median', 'speed_quant_75', 'speed_quant_90', 'speed_quant_95', 'speed_quant_max', 'speed_range', 'speed_sd', 'speed_vcoef', 'speed_mad', 'speed_iqr', 'speed_skew', 'speed_kurt', 'acceleration_0s', 'acceleration_mean', 'acceleration_meanse', 'acceleration_quant_min', 'acceleration_quant_05', 'acceleration_quant_10', 'acceleration_quant_25', 'acceleration_quant_median', 'acceleration_quant_75', 'acceleration_quant_90', 'acceleration_quant_95', 'acceleration_quant_max', 'acceleration_range', 'acceleration_sd', 'acceleration_vcoef', 'acceleration_mad', 'acceleration_iqr', 'acceleration_skew', 'acceleration_kurt']",0.49238425582362655,0.5,0.4923842558236265
14159,Random Forest,combo_distance_geometry+angles+speed+acceleration,5,"['distance_geometry_1_1', 'distance_geometry_2_1', 'distance_geometry_2_2', 'distance_geometry_3_1', 'distance_geometry_3_2', 'distance_geometry_3_3', 'distance_geometry_4_1', 'distance_geometry_4_2', 'distance_geometry_4_3', 'distance_geometry_4_4', 'distance_geometry_5_1', 'distance_geometry_5_2', 'distance_geometry_5_3', 'distance_geometry_5_4', 'distance_geometry_5_5', 'angles_0s', 'angles_mean', 'angles_meanse', 'angles_quant_min', 'angles_quant_05', 'angles_quant_10', 'angles_quant_25', 'angles_quant_median', 'angles_quant_75', 'angles_quant_90', 'angles_quant_95', 'angles_quant_max', 'angles_range', 'angles_sd', 'angles_vcoef', 'angles_mad', 'angles_iqr', 'angles_skew', 'angles_kurt', 'speed_0s', 'speed_mean', 'speed_meanse', 'speed_quant_min', 'speed_quant_05', 'speed_quant_10', 'speed_quant_25', 'speed_quant_median', 'speed_quant_75', 'speed_quant_90', 'speed_quant_95', 'speed_quant_max', 'speed_range', 'speed_sd', 'speed_vcoef', 'speed_mad', 'speed_iqr', 'speed_skew', 'speed_kurt', 'acceleration_0s', 'acceleration_mean', 'acceleration_meanse', 'acceleration_quant_min', 'acceleration_quant_05', 'acceleration_quant_10', 'acceleration_quant_25', 'acceleration_quant_median', 'acceleration_quant_75', 'acceleration_quant_90', 'acceleration_quant_95', 'acceleration_quant_max', 'acceleration_range', 'acceleration_sd', 'acceleration_vcoef', 'acceleration_mad', 'acceleration_iqr', 'acceleration_skew', 'acceleration_kurt']",0.5584432478091015,0.575,0.5584432478091014
26535,Random Forest,combo_distance_geometry+angles+speed+acceleration,1,"['distance_geometry_1_1', 'distance_geometry_2_1', 'distance_geometry_2_2', 'distance_geometry_3_1', 'distance_geometry_3_2', 'distance_geometry_3_3', 'distance_geometry_4_1', 'distance_geometry_4_2', 'distance_geometry_4_3', 'distance_geometry_4_4', 'distance_geometry_5_1', 'distance_geometry_5_2', 'distance_geometry_5_3', 'distance_geometry_5_4', 'distance_geometry_5_5', 'angles_0s', 'angles_mean', 'angles_meanse', 'angles_quant_min', 'angles_quant_05', 'angles_quant_10', 'angles_quant_25', 'angles_quant_median', 'angles_quant_75', 'angles_quant_90', 'angles_quant_95', 'angles_quant_max', 'angles_range', 'angles_sd', 'angles_vcoef', 'angles_mad', 'angles_iqr', 'angles_skew', 'angles_kurt', 'speed_0s', 'speed_mean', 'speed_meanse', 'speed_quant_min', 'speed_quant_05', 'speed_quant_10', 'speed_quant_25', 'speed_quant_median', 'speed_quant_75', 'speed_quant_90', 'speed_quant_95', 'speed_quant_max', 'speed_range', 'speed_sd', 'speed_vcoef', 'speed_mad', 'speed_iqr', 'speed_skew', 'speed_kurt', 'acceleration_0s', 'acceleration_mean', 'acceleration_meanse', 'acceleration_quant_min', 'acceleration_quant_05', 'acceleration_quant_10', 'acceleration_quant_25', 'acceleration_quant_median', 'acceleration_quant_75', 'acceleration_quant_90', 'acceleration_quant_95', 'acceleration_quant_max', 'acceleration_range', 'acceleration_sd', 'acceleration_vcoef', 'acceleration_mad', 'acceleration_iqr', 'acceleration_skew', 'acceleration_kurt']",0.45683895292226173,0.465,0.4568389529222617
26535,Random Forest,combo_distance_geometry+angles+speed+acceleration,2,"['distance_geometry_1_1', 'distance_geometry_2_1', 'distance_geometry_2_2', 'distance_geometry_3_1', 'distance_geometry_3_2', 'distance_geometry_3_3', 'distance_geometry_4_1', 'distance_geometry_4_2', 'distance_geometry_4_3', 'distance_geometry_4_4', 'distance_geometry_5_1', 'distance_geometry_5_2', 'distance_geometry_5_3', 'distance_geometry_5_4', 'distance_geometry_5_5', 'angles_0s', 'angles_mean', 'angles_meanse', 'angles_quant_min', 'angles_quant_05', 'angles_quant_10', 'angles_quant_25', 'angles_quant_median', 'angles_quant_75', 'angles_quant_90', 'angles_quant_95', 'angles_quant_max', 'angles_range', 'angles_sd', 'angles_vcoef', 'angles_mad', 'angles_iqr', 'angles_skew', 'angles_kurt', 'speed_0s', 'speed_mean', 'speed_meanse', 'speed_quant_min', 'speed_quant_05', 'speed_quant_10', 'speed_quant_25', 'speed_quant_median', 'speed_quant_75', 'speed_quant_90', 'speed_quant_95', 'speed_quant_max', 'speed_range', 'speed_sd', 'speed_vcoef', 'speed_mad', 'speed_iqr', 'speed_skew', 'speed_kurt', 'acceleration_0s', 'acceleration_mean', 'acceleration_meanse', 'acceleration_quant_min', 'acceleration_quant_05', 'acceleration_quant_10', 'acceleration_quant_25', 'acceleration_quant_median', 'acceleration_quant_75', 'acceleration_quant_90', 'acceleration_quant_95', 'acceleration_quant_max', 'acceleration_range', 'acceleration_sd', 'acceleration_vcoef', 'acceleration_mad', 'acceleration_iqr', 'acceleration_skew', 'acceleration_kurt']",0.5716967485083426,0.575,0.5716967485083427
26535,Random Forest,combo_distance_geometry+angles+speed+acceleration,3,"['distance_geometry_1_1', 'distance_geometry_2_1', 'distance_geometry_2_2', 'distance_geometry_3_1', 'distance_geometry_3_2', 'distance_geometry_3_3', 'distance_geometry_4_1', 'distance_geometry_4_2', 'distance_geometry_4_3', 'distance_geometry_4_4', 'distance_geometry_5_1', 'distance_geometry_5_2', 'distance_geometry_5_3', 'distance_geometry_5_4', 'distance_geometry_5_5', 'angles_0s', 'angles_mean', 'angles_meanse', 'angles_quant_min', 'angles_quant_05', 'angles_quant_10', 'angles_quant_25', 'angles_quant_median', 'angles_quant_75', 'angles_quant_90', 'angles_quant_95', 'angles_quant_max', 'angles_range', 'angles_sd', 'angles_vcoef', 'angles_mad', 'angles_iqr', 'angles_skew', 'angles_kurt', 'speed_0s', 'speed_mean', 'speed_meanse', 'speed_quant_min', 'speed_quant_05', 'speed_quant_10', 'speed_quant_25', 'speed_quant_median', 'speed_quant_75', 'speed_quant_90', 'speed_quant_95', 'speed_quant_max', 'speed_range', 'speed_sd', 'speed_vcoef', 'speed_mad', 'speed_iqr', 'speed_skew', 'speed_kurt', 'acceleration_0s', 'acceleration_mean', 'acceleration_meanse', 'acceleration_quant_min', 'acceleration_quant_05', 'acceleration_quant_10', 'acceleration_quant_25', 'acceleration_quant_median', 'acceleration_quant_75', 'acceleration_quant_90', 'acceleration_quant_95', 'acceleration_quant_max', 'acceleration_range', 'acceleration_sd', 'acceleration_vcoef', 'acceleration_mad', 'acceleration_iqr', 'acceleration_skew', 'acceleration_kurt']",0.5374301118504704,0.54,0.5374301118504704
26535,Random Forest,combo_distance_geometry+angles+speed+acceleration,4,"['distance_geometry_1_1', 'distance_geometry_2_1', 'distance_geometry_2_2', 'distance_geometry_3_1', 'distance_geometry_3_2', 'distance_geometry_3_3', 'distance_geometry_4_1', 'distance_geometry_4_2', 'distance_geometry_4_3', 'distance_geometry_4_4', 'distance_geometry_5_1', 'distance_geometry_5_2', 'distance_geometry_5_3', 'distance_geometry_5_4', 'distance_geometry_5_5', 'angles_0s', 'angles_mean', 'angles_meanse', 'angles_quant_min', 'angles_quant_05', 'angles_quant_10', 'angles_quant_25', 'angles_quant_median', 'angles_quant_75', 'angles_quant_90', 'angles_quant_95', 'angles_quant_max', 'angles_range', 'angles_sd', 'angles_vcoef', 'angles_mad', 'angles_iqr', 'angles_skew', 'angles_kurt', 'speed_0s', 'speed_mean', 'speed_meanse', 'speed_quant_min', 'speed_quant_05', 'speed_quant_10', 'speed_quant_25', 'speed_quant_median', 'speed_quant_75', 'speed_quant_90', 'speed_quant_95', 'speed_quant_max', 'speed_range', 'speed_sd', 'speed_vcoef', 'speed_mad', 'speed_iqr', 'speed_skew', 'speed_kurt', 'acceleration_0s', 'acceleration_mean', 'acceleration_meanse', 'acceleration_quant_min', 'acceleration_quant_05', 'acceleration_quant_10', 'acceleration_quant_25', 'acceleration_quant_median', 'acceleration_quant_75', 'acceleration_quant_90', 'acceleration_quant_95', 'acceleration_quant_max', 'acceleration_range', 'acceleration_sd', 'acceleration_vcoef', 'acceleration_mad', 'acceleration_iqr', 'acceleration_skew', 'acceleration_kurt']",0.4697428422146187,0.48,0.4697428422146187
26535,Random Forest,combo_distance_geometry+angles+speed+acceleration,5,"['distance_geometry_1_1', 'distance_geometry_2_1', 'distance_geometry_2_2', 'distance_geometry_3_1', 'distance_geometry_3_2', 'distance_geometry_3_3', 'distance_geometry_4_1', 'distance_geometry_4_2', 'distance_geometry_4_3', 'distance_geometry_4_4', 'distance_geometry_5_1', 'distance_geometry_5_2', 'distance_geometry_5_3', 'distance_geometry_5_4', 'distance_geometry_5_5', 'angles_0s', 'angles_mean', 'angles_meanse', 'angles_quant_min', 'angles_quant_05', 'angles_quant_10', 'angles_quant_25', 'angles_quant_median', 'angles_quant_75', 'angles_quant_90', 'angles_quant_95', 'angles_quant_max', 'angles_range', 'angles_sd', 'angles_vcoef', 'angles_mad', 'angles_iqr', 'angles_skew', 'angles_kurt', 'speed_0s', 'speed_mean', 'speed_meanse', 'speed_quant_min', 'speed_quant_05', 'speed_quant_10', 'speed_quant_25', 'speed_quant_median', 'speed_quant_75', 'speed_quant_90', 'speed_quant_95', 'speed_quant_max', 'speed_range', 'speed_sd', 'speed_vcoef', 'speed_mad', 'speed_iqr', 'speed_skew', 'speed_kurt', 'acceleration_0s', 'acceleration_mean', 'acceleration_meanse', 'acceleration_quant_min', 'acceleration_quant_05', 'acceleration_quant_10', 'acceleration_quant_25', 'acceleration_quant_median', 'acceleration_quant_75', 'acceleration_quant_90', 'acceleration_quant_95', 'acceleration_quant_max', 'acceleration_range', 'acceleration_sd', 'acceleration_vcoef', 'acceleration_mad', 'acceleration_iqr', 'acceleration_skew', 'acceleration_kurt']",0.4768210203699829,0.495,0.476821020369983
89793,Random Forest,combo_distance_geometry+angles+speed+acceleration,1,"['distance_geometry_1_1', 'distance_geometry_2_1', 'distance_geometry_2_2', 'distance_geometry_3_1', 'distance_geometry_3_2', 'distance_geometry_3_3', 'distance_geometry_4_1', 'distance_geometry_4_2', 'distance_geometry_4_3', 'distance_geometry_4_4', 'distance_geometry_5_1', 'distance_geometry_5_2', 'distance_geometry_5_3', 'distance_geometry_5_4', 'distance_geometry_5_5', 'angles_0s', 'angles_mean', 'angles_meanse', 'angles_quant_min', 'angles_quant_05', 'angles_quant_10', 'angles_quant_25', 'angles_quant_median', 'angles_quant_75', 'angles_quant_90', 'angles_quant_95', 'angles_quant_max', 'angles_range', 'angles_sd', 'angles_vcoef', 'angles_mad', 'angles_iqr', 'angles_skew', 'angles_kurt', 'speed_0s', 'speed_mean', 'speed_meanse', 'speed_quant_min', 'speed_quant_05', 'speed_quant_10', 'speed_quant_25', 'speed_quant_median', 'speed_quant_75', 'speed_quant_90', 'speed_quant_95', 'speed_quant_max', 'speed_range', 'speed_sd', 'speed_vcoef', 'speed_mad', 'speed_iqr', 'speed_skew', 'speed_kurt', 'acceleration_0s', 'acceleration_mean', 'acceleration_meanse', 'acceleration_quant_min', 'acceleration_quant_05', 'acceleration_quant_10', 'acceleration_quant_25', 'acceleration_quant_median', 'acceleration_quant_75', 'acceleration_quant_90', 'acceleration_quant_95', 'acceleration_quant_max', 'acceleration_range', 'acceleration_sd', 'acceleration_vcoef', 'acceleration_mad', 'acceleration_iqr', 'acceleration_skew', 'acceleration_kurt']",0.42522615222362903,0.44,0.4252261522236291
89793,Random Forest,combo_distance_geometry+angles+speed+acceleration,2,"['distance_geometry_1_1', 'distance_geometry_2_1', 'distance_geometry_2_2', 'distance_geometry_3_1', 'distance_geometry_3_2', 'distance_geometry_3_3', 'distance_geometry_4_1', 'distance_geometry_4_2', 'distance_geometry_4_3', 'distance_geometry_4_4', 'distance_geometry_5_1', 'distance_geometry_5_2', 'distance_geometry_5_3', 'distance_geometry_5_4', 'distance_geometry_5_5', 'angles_0s', 'angles_mean', 'angles_meanse', 'angles_quant_min', 'angles_quant_05', 'angles_quant_10', 'angles_quant_25', 'angles_quant_median', 'angles_quant_75', 'angles_quant_90', 'angles_quant_95', 'angles_quant_max', 'angles_range', 'angles_sd', 'angles_vcoef', 'angles_mad', 'angles_iqr', 'angles_skew', 'angles_kurt', 'speed_0s', 'speed_mean', 'speed_meanse', 'speed_quant_min', 'speed_quant_05', 'speed_quant_10', 'speed_quant_25', 'speed_quant_median', 'speed_quant_75', 'speed_quant_90', 'speed_quant_95', 'speed_quant_max', 'speed_range', 'speed_sd', 'speed_vcoef', 'speed_mad', 'speed_iqr', 'speed_skew', 'speed_kurt', 'acceleration_0s', 'acceleration_mean', 'acceleration_meanse', 'acceleration_quant_min', 'acceleration_quant_05', 'acceleration_quant_10', 'acceleration_quant_25', 'acceleration_quant_median', 'acceleration_quant_75', 'acceleration_quant_90', 'acceleration_quant_95', 'acceleration_quant_max', 'acceleration_range', 'acceleration_sd', 'acceleration_vcoef', 'acceleration_mad', 'acceleration_iqr', 'acceleration_skew', 'acceleration_kurt']",0.5261993723207302,0.54,0.5261993723207303
89793,Random Forest,combo_distance_geometry+angles+speed+acceleration,3,"['distance_geometry_1_1', 'distance_geometry_2_1', 'distance_geometry_2_2', 'distance_geometry_3_1', 'distance_geometry_3_2', 'distance_geometry_3_3', 'distance_geometry_4_1', 'distance_geometry_4_2', 'distance_geometry_4_3', 'distance_geometry_4_4', 'distance_geometry_5_1', 'distance_geometry_5_2', 'distance_geometry_5_3', 'distance_geometry_5_4', 'distance_geometry_5_5', 'angles_0s', 'angles_mean', 'angles_meanse', 'angles_quant_min', 'angles_quant_05', 'angles_quant_10', 'angles_quant_25', 'angles_quant_median', 'angles_quant_75', 'angles_quant_90', 'angles_quant_95', 'angles_quant_max', 'angles_range', 'angles_sd', 'angles_vcoef', 'angles_mad', 'angles_iqr', 'angles_skew', 'angles_kurt', 'speed_0s', 'speed_mean', 'speed_meanse', 'speed_quant_min', 'speed_quant_05', 'speed_quant_10', 'speed_quant_25', 'speed_quant_median', 'speed_quant_75', 'speed_quant_90', 'speed_quant_95', 'speed_quant_max', 'speed_range', 'speed_sd', 'speed_vcoef', 'speed_mad', 'speed_iqr', 'speed_skew', 'speed_kurt', 'acceleration_0s', 'acceleration_mean', 'acceleration_meanse', 'acceleration_quant_min', 'acceleration_quant_05', 'acceleration_quant_10', 'acceleration_quant_25', 'acceleration_quant_median', 'acceleration_quant_75', 'acceleration_quant_90', 'acceleration_quant_95', 'acceleration_quant_max', 'acceleration_range', 'acceleration_sd', 'acceleration_vcoef', 'acceleration_mad', 'acceleration_iqr', 'acceleration_skew', 'acceleration_kurt']",0.5408155731089461,0.545,0.5408155731089461
89793,Random Forest,combo_distance_geometry+angles+speed+acceleration,4,"['distance_geometry_1_1', 'distance_geometry_2_1', 'distance_geometry_2_2', 'distance_geometry_3_1', 'distance_geometry_3_2', 'distance_geometry_3_3', 'distance_geometry_4_1', 'distance_geometry_4_2', 'distance_geometry_4_3', 'distance_geometry_4_4', 'distance_geometry_5_1', 'distance_geometry_5_2', 'distance_geometry_5_3', 'distance_geometry_5_4', 'distance_geometry_5_5', 'angles_0s', 'angles_mean', 'angles_meanse', 'angles_quant_min', 'angles_quant_05', 'angles_quant_10', 'angles_quant_25', 'angles_quant_median', 'angles_quant_75', 'angles_quant_90', 'angles_quant_95', 'angles_quant_max', 'angles_range', 'angles_sd', 'angles_vcoef', 'angles_mad', 'angles_iqr', 'angles_skew', 'angles_kurt', 'speed_0s', 'speed_mean', 'speed_meanse', 'speed_quant_min', 'speed_quant_05', 'speed_quant_10', 'speed_quant_25', 'speed_quant_median', 'speed_quant_75', 'speed_quant_90', 'speed_quant_95', 'speed_quant_max', 'speed_range', 'speed_sd', 'speed_vcoef', 'speed_mad', 'speed_iqr', 'speed_skew', 'speed_kurt', 'acceleration_0s', 'acceleration_mean', 'acceleration_meanse', 'acceleration_quant_min', 'acceleration_quant_05', 'acceleration_quant_10', 'acceleration_quant_25', 'acceleration_quant_median', 'acceleration_quant_75', 'acceleration_quant_90', 'acceleration_quant_95', 'acceleration_quant_max', 'acceleration_range', 'acceleration_sd', 'acceleration_vcoef', 'acceleration_mad', 'acceleration_iqr', 'acceleration_skew', 'acceleration_kurt']",0.48826621654207863,0.495,0.48826621654207863
89793,Random Forest,combo_distance_geometry+angles+speed+acceleration,5,"['distance_geometry_1_1', 'distance_geometry_2_1', 'distance_geometry_2_2', 'distance_geometry_3_1', 'distance_geometry_3_2', 'distance_geometry_3_3', 'distance_geometry_4_1', 'distance_geometry_4_2', 'distance_geometry_4_3', 'distance_geometry_4_4', 'distance_geometry_5_1', 'distance_geometry_5_2', 'distance_geometry_5_3', 'distance_geometry_5_4', 'distance_geometry_5_5', 'angles_0s', 'angles_mean', 'angles_meanse', 'angles_quant_min', 'angles_quant_05', 'angles_quant_10', 'angles_quant_25', 'angles_quant_median', 'angles_quant_75', 'angles_quant_90', 'angles_quant_95', 'angles_quant_max', 'angles_range', 'angles_sd', 'angles_vcoef', 'angles_mad', 'angles_iqr', 'angles_skew', 'angles_kurt', 'speed_0s', 'speed_mean', 'speed_meanse', 'speed_quant_min', 'speed_quant_05', 'speed_quant_10', 'speed_quant_25', 'speed_quant_median', 'speed_quant_75', 'speed_quant_90', 'speed_quant_95', 'speed_quant_max', 'speed_range', 'speed_sd', 'speed_vcoef', 'speed_mad', 'speed_iqr', 'speed_skew', 'speed_kurt', 'acceleration_0s', 'acceleration_mean', 'acceleration_meanse', 'acceleration_quant_min', 'acceleration_quant_05', 'acceleration_quant_10', 'acceleration_quant_25', 'acceleration_quant_median', 'acceleration_quant_75', 'acceleration_quant_90', 'acceleration_quant_95', 'acceleration_quant_max', 'acceleration_range', 'acceleration_sd', 'acceleration_vcoef', 'acceleration_mad', 'acceleration_iqr', 'acceleration_skew', 'acceleration_kurt']",0.522447645408762,0.535,0.5224476454087621
23846,Random Forest,combo_distance_geometry+angles+speed+acceleration,1,"['distance_geometry_1_1', 'distance_geometry_2_1', 'distance_geometry_2_2', 'distance_geometry_3_1', 'distance_geometry_3_2', 'distance_geometry_3_3', 'distance_geometry_4_1', 'distance_geometry_4_2', 'distance_geometry_4_3', 'distance_geometry_4_4', 'distance_geometry_5_1', 'distance_geometry_5_2', 'distance_geometry_5_3', 'distance_geometry_5_4', 'distance_geometry_5_5', 'angles_0s', 'angles_mean', 'angles_meanse', 'angles_quant_min', 'angles_quant_05', 'angles_quant_10', 'angles_quant_25', 'angles_quant_median', 'angles_quant_75', 'angles_quant_90', 'angles_quant_95', 'angles_quant_max', 'angles_range', 'angles_sd', 'angles_vcoef', 'angles_mad', 'angles_iqr', 'angles_skew', 'angles_kurt', 'speed_0s', 'speed_mean', 'speed_meanse', 'speed_quant_min', 'speed_quant_05', 'speed_quant_10', 'speed_quant_25', 'speed_quant_median', 'speed_quant_75', 'speed_quant_90', 'speed_quant_95', 'speed_quant_max', 'speed_range', 'speed_sd', 'speed_vcoef', 'speed_mad', 'speed_iqr', 'speed_skew', 'speed_kurt', 'acceleration_0s', 'acceleration_mean', 'acceleration_meanse', 'acceleration_quant_min', 'acceleration_quant_05', 'acceleration_quant_10', 'acceleration_quant_25', 'acceleration_quant_median', 'acceleration_quant_75', 'acceleration_quant_90', 'acceleration_quant_95', 'acceleration_quant_max', 'acceleration_range', 'acceleration_sd', 'acceleration_vcoef', 'acceleration_mad', 'acceleration_iqr', 'acceleration_skew', 'acceleration_kurt']",0.5040553337888541,0.515,0.504055333788854
23846,Random Forest,combo_distance_geometry+angles+speed+acceleration,2,"['distance_geometry_1_1', 'distance_geometry_2_1', 'distance_geometry_2_2', 'distance_geometry_3_1', 'distance_geometry_3_2', 'distance_geometry_3_3', 'distance_geometry_4_1', 'distance_geometry_4_2', 'distance_geometry_4_3', 'distance_geometry_4_4', 'distance_geometry_5_1', 'distance_geometry_5_2', 'distance_geometry_5_3', 'distance_geometry_5_4', 'distance_geometry_5_5', 'angles_0s', 'angles_mean', 'angles_meanse', 'angles_quant_min', 'angles_quant_05', 'angles_quant_10', 'angles_quant_25', 'angles_quant_median', 'angles_quant_75', 'angles_quant_90', 'angles_quant_95', 'angles_quant_max', 'angles_range', 'angles_sd', 'angles_vcoef', 'angles_mad', 'angles_iqr', 'angles_skew', 'angles_kurt', 'speed_0s', 'speed_mean', 'speed_meanse', 'speed_quant_min', 'speed_quant_05', 'speed_quant_10', 'speed_quant_25', 'speed_quant_median', 'speed_quant_75', 'speed_quant_90', 'speed_quant_95', 'speed_quant_max', 'speed_range', 'speed_sd', 'speed_vcoef', 'speed_mad', 'speed_iqr', 'speed_skew', 'speed_kurt', 'acceleration_0s', 'acceleration_mean', 'acceleration_meanse', 'acceleration_quant_min', 'acceleration_quant_05', 'acceleration_quant_10', 'acceleration_quant_25', 'acceleration_quant_median', 'acceleration_quant_75', 'acceleration_quant_90', 'acceleration_quant_95', 'acceleration_quant_max', 'acceleration_range', 'acceleration_sd', 'acceleration_vcoef', 'acceleration_mad', 'acceleration_iqr', 'acceleration_skew', 'acceleration_kurt']",0.5359919677143845,0.54,0.5359919677143844
23846,Random Forest,combo_distance_geometry+angles+speed+acceleration,3,"['distance_geometry_1_1', 'distance_geometry_2_1', 'distance_geometry_2_2', 'distance_geometry_3_1', 'distance_geometry_3_2', 'distance_geometry_3_3', 'distance_geometry_4_1', 'distance_geometry_4_2', 'distance_geometry_4_3', 'distance_geometry_4_4', 'distance_geometry_5_1', 'distance_geometry_5_2', 'distance_geometry_5_3', 'distance_geometry_5_4', 'distance_geometry_5_5', 'angles_0s', 'angles_mean', 'angles_meanse', 'angles_quant_min', 'angles_quant_05', 'angles_quant_10', 'angles_quant_25', 'angles_quant_median', 'angles_quant_75', 'angles_quant_90', 'angles_quant_95', 'angles_quant_max', 'angles_range', 'angles_sd', 'angles_vcoef', 'angles_mad', 'angles_iqr', 'angles_skew', 'angles_kurt', 'speed_0s', 'speed_mean', 'speed_meanse', 'speed_quant_min', 'speed_quant_05', 'speed_quant_10', 'speed_quant_25', 'speed_quant_median', 'speed_quant_75', 'speed_quant_90', 'speed_quant_95', 'speed_quant_max', 'speed_range', 'speed_sd', 'speed_vcoef', 'speed_mad', 'speed_iqr', 'speed_skew', 'speed_kurt', 'acceleration_0s', 'acceleration_mean', 'acceleration_meanse', 'acceleration_quant_min', 'acceleration_quant_05', 'acceleration_quant_10', 'acceleration_quant_25', 'acceleration_quant_median', 'acceleration_quant_75', 'acceleration_quant_90', 'acceleration_quant_95', 'acceleration_quant_max', 'acceleration_range', 'acceleration_sd', 'acceleration_vcoef', 'acceleration_mad', 'acceleration_iqr', 'acceleration_skew', 'acceleration_kurt']",0.4866666666666667,0.51,0.4866666666666667
23846,Random Forest,combo_distance_geometry+angles+speed+acceleration,4,"['distance_geometry_1_1', 'distance_geometry_2_1', 'distance_geometry_2_2', 'distance_geometry_3_1', 'distance_geometry_3_2', 'distance_geometry_3_3', 'distance_geometry_4_1', 'distance_geometry_4_2', 'distance_geometry_4_3', 'distance_geometry_4_4', 'distance_geometry_5_1', 'distance_geometry_5_2', 'distance_geometry_5_3', 'distance_geometry_5_4', 'distance_geometry_5_5', 'angles_0s', 'angles_mean', 'angles_meanse', 'angles_quant_min', 'angles_quant_05', 'angles_quant_10', 'angles_quant_25', 'angles_quant_median', 'angles_quant_75', 'angles_quant_90', 'angles_quant_95', 'angles_quant_max', 'angles_range', 'angles_sd', 'angles_vcoef', 'angles_mad', 'angles_iqr', 'angles_skew', 'angles_kurt', 'speed_0s', 'speed_mean', 'speed_meanse', 'speed_quant_min', 'speed_quant_05', 'speed_quant_10', 'speed_quant_25', 'speed_quant_median', 'speed_quant_75', 'speed_quant_90', 'speed_quant_95', 'speed_quant_max', 'speed_range', 'speed_sd', 'speed_vcoef', 'speed_mad', 'speed_iqr', 'speed_skew', 'speed_kurt', 'acceleration_0s', 'acceleration_mean', 'acceleration_meanse', 'acceleration_quant_min', 'acceleration_quant_05', 'acceleration_quant_10', 'acceleration_quant_25', 'acceleration_quant_median', 'acceleration_quant_75', 'acceleration_quant_90', 'acceleration_quant_95', 'acceleration_quant_max', 'acceleration_range', 'acceleration_sd', 'acceleration_vcoef', 'acceleration_mad', 'acceleration_iqr', 'acceleration_skew', 'acceleration_kurt']",0.5188275013255242,0.525,0.5188275013255244
23846,Random Forest,combo_distance_geometry+angles+speed+acceleration,5,"['distance_geometry_1_1', 'distance_geometry_2_1', 'distance_geometry_2_2', 'distance_geometry_3_1', 'distance_geometry_3_2', 'distance_geometry_3_3', 'distance_geometry_4_1', 'distance_geometry_4_2', 'distance_geometry_4_3', 'distance_geometry_4_4', 'distance_geometry_5_1', 'distance_geometry_5_2', 'distance_geometry_5_3', 'distance_geometry_5_4', 'distance_geometry_5_5', 'angles_0s', 'angles_mean', 'angles_meanse', 'angles_quant_min', 'angles_quant_05', 'angles_quant_10', 'angles_quant_25', 'angles_quant_median', 'angles_quant_75', 'angles_quant_90', 'angles_quant_95', 'angles_quant_max', 'angles_range', 'angles_sd', 'angles_vcoef', 'angles_mad', 'angles_iqr', 'angles_skew', 'angles_kurt', 'speed_0s', 'speed_mean', 'speed_meanse', 'speed_quant_min', 'speed_quant_05', 'speed_quant_10', 'speed_quant_25', 'speed_quant_median', 'speed_quant_75', 'speed_quant_90', 'speed_quant_95', 'speed_quant_max', 'speed_range', 'speed_sd', 'speed_vcoef', 'speed_mad', 'speed_iqr', 'speed_skew', 'speed_kurt', 'acceleration_0s', 'acceleration_mean', 'acceleration_meanse', 'acceleration_quant_min', 'acceleration_quant_05', 'acceleration_quant_10', 'acceleration_quant_25', 'acceleration_quant_median', 'acceleration_quant_75', 'acceleration_quant_90', 'acceleration_quant_95', 'acceleration_quant_max', 'acceleration_range', 'acceleration_sd', 'acceleration_vcoef', 'acceleration_mad', 'acceleration_iqr', 'acceleration_skew', 'acceleration_kurt']",0.49779131890986683,0.505,0.49779131890986683
